SET session_replication_role = replica;

--
-- PostgreSQL database dump
--

-- Dumped from database version 15.6
-- Dumped by pg_dump version 15.6

SET statement_timeout = 0;
SET lock_timeout = 0;
SET idle_in_transaction_session_timeout = 0;
SET client_encoding = 'UTF8';
SET standard_conforming_strings = on;
SELECT pg_catalog.set_config('search_path', '', false);
SET check_function_bodies = false;
SET xmloption = content;
SET client_min_messages = warning;
SET row_security = off;

--
-- Data for Name: audit_log_entries; Type: TABLE DATA; Schema: auth; Owner: supabase_auth_admin
--



--
-- Data for Name: flow_state; Type: TABLE DATA; Schema: auth; Owner: supabase_auth_admin
--



--
-- Data for Name: users; Type: TABLE DATA; Schema: auth; Owner: supabase_auth_admin
--



--
-- Data for Name: identities; Type: TABLE DATA; Schema: auth; Owner: supabase_auth_admin
--



--
-- Data for Name: instances; Type: TABLE DATA; Schema: auth; Owner: supabase_auth_admin
--



--
-- Data for Name: sessions; Type: TABLE DATA; Schema: auth; Owner: supabase_auth_admin
--



--
-- Data for Name: mfa_amr_claims; Type: TABLE DATA; Schema: auth; Owner: supabase_auth_admin
--



--
-- Data for Name: mfa_factors; Type: TABLE DATA; Schema: auth; Owner: supabase_auth_admin
--



--
-- Data for Name: mfa_challenges; Type: TABLE DATA; Schema: auth; Owner: supabase_auth_admin
--



--
-- Data for Name: one_time_tokens; Type: TABLE DATA; Schema: auth; Owner: supabase_auth_admin
--



--
-- Data for Name: refresh_tokens; Type: TABLE DATA; Schema: auth; Owner: supabase_auth_admin
--



--
-- Data for Name: sso_providers; Type: TABLE DATA; Schema: auth; Owner: supabase_auth_admin
--



--
-- Data for Name: saml_providers; Type: TABLE DATA; Schema: auth; Owner: supabase_auth_admin
--



--
-- Data for Name: saml_relay_states; Type: TABLE DATA; Schema: auth; Owner: supabase_auth_admin
--



--
-- Data for Name: sso_domains; Type: TABLE DATA; Schema: auth; Owner: supabase_auth_admin
--



--
-- Data for Name: key; Type: TABLE DATA; Schema: pgsodium; Owner: supabase_admin
--



--
-- Data for Name: REF_programs; Type: TABLE DATA; Schema: public; Owner: postgres
--



--
-- Data for Name: courses; Type: TABLE DATA; Schema: public; Owner: postgres
--

INSERT INTO "public"."courses" ("units", "academic", "course_code", "full_name") VALUES
	(3, true, 'CALENG1', NULL),
	(3, true, 'GEUSELF', NULL),
	(3, true, 'CCPROG2', NULL),
	(3, true, 'CCPROG3', NULL),
	(3, true, 'CSADPRG', NULL),
	(3, true, 'CCINFOM', NULL),
	(3, true, 'CCAPDEV', NULL),
	(3, true, 'STHCIUX', NULL),
	(3, true, 'CCICOMP', NULL),
	(3, true, 'CCDSTRU', NULL),
	(3, true, 'MTH101A', NULL),
	(3, true, 'CSMATH1', NULL),
	(3, true, 'CSMATH2', NULL),
	(3, true, 'STT101A', NULL),
	(3, true, 'CSARCH1', NULL),
	(3, true, 'STMETHD', NULL),
	(3, true, 'THS-ST1', NULL),
	(3, true, 'THS-ST2', NULL),
	(3, true, 'CCINOV8', NULL),
	(3, true, 'CSSECDV', NULL),
	(3, true, 'CSARCH2', NULL),
	(3, true, 'STDISCM', NULL),
	(3, true, 'STINTSY', NULL),
	(3, true, 'ST-MATH', NULL),
	(3, true, 'CSMODEL', NULL),
	(3, true, 'PE2FTEX', NULL),
	(3, true, 'POLPHIM', NULL);


--
-- Data for Name: courseEquivalences; Type: TABLE DATA; Schema: public; Owner: postgres
--



--
-- Data for Name: courseRequisites; Type: TABLE DATA; Schema: public; Owner: postgres
--



--
-- Data for Name: curriculums; Type: TABLE DATA; Schema: public; Owner: postgres
--



--
-- Data for Name: terms; Type: TABLE DATA; Schema: public; Owner: postgres
--



--
-- Data for Name: users; Type: TABLE DATA; Schema: public; Owner: postgres
--



--
-- Data for Name: schedules; Type: TABLE DATA; Schema: public; Owner: postgres
--



--
-- Data for Name: sections; Type: TABLE DATA; Schema: public; Owner: postgres
--

INSERT INTO "public"."sections" ("term", "section", "capacity", "enrolled", "faculty", "remarks", "class_number", "course_code", "id") VALUES
	(1242, 'YY03', 43, 42, 'BALAGAN, JON FRANCIS  U.', '', 2211, 'PE2FTEX', 440),
	(1242, 'YY04', 43, 26, 'TORRES, RYAN  B.', '', 2193, 'PE2FTEX', 441),
	(1242, 'YY05', 43, 5, 'ALAVE, JUN  COLOMER', '', 2218, 'PE2FTEX', 442),
	(1242, 'YY06', 43, 1, 'MANZANO, JERSHENETTE  C.', '', 2183, 'PE2FTEX', 443),
	(1242, 'YY07', 43, 10, 'AGUINALDO, JERRWIN  CALIXTO', '', 2181, 'PE2FTEX', 444),
	(1242, 'YY08', 43, 8, 'BAUTISTA, LETECIA  CALLEJAS', '', 2206, 'PE2FTEX', 445),
	(1242, 'YY09', 43, 6, 'AGUINALDO, JERRWIN  CALIXTO', '', 2222, 'PE2FTEX', 446),
	(1242, 'YY10', 43, 4, 'BAUTISTA, LETECIA  CALLEJAS', '', 2205, 'PE2FTEX', 447),
	(1242, 'YY11', 43, 29, 'ALMADILLA, RAFAEL  G.', '', 2216, 'PE2FTEX', 448),
	(1242, 'YY12', 43, 43, 'BALAGAN, JON FRANCIS  U.', '', 2210, 'PE2FTEX', 449),
	(1242, 'YY13', 43, 7, 'ALAVE, JUN  COLOMER', '', 2217, 'PE2FTEX', 450),
	(1242, 'YY14', 43, 37, 'CABREROS, ANTHONY  DEL CASTILLO', '', 2204, 'PE2FTEX', 451),
	(1242, 'YY15', 43, 26, 'OÑA, DARWIN RYAN  DINAO', '', 2196, 'PE2FTEX', 452),
	(1242, 'YY16', 43, 42, 'DEL ROSARIO, JHOMEL  EUGENIO', '', 2187, 'PE2FTEX', 453),
	(1242, 'YY17', 43, 43, 'DOMINGO, JOHN PAUL  RANCES', '', 2185, 'PE2FTEX', 454),
	(1242, 'YY18', 43, 43, 'DEL ROSARIO, JHOMEL  EUGENIO', '', 2186, 'PE2FTEX', 455),
	(1242, 'YY19', 43, 43, 'DOMINGO, JOHN PAUL  RANCES', '', 2184, 'PE2FTEX', 456),
	(1242, 'ZZ01', 43, 19, 'AGUINALDO, JERRWIN  CALIXTO', '', 2221, 'PE2FTEX', 457),
	(1242, 'ZZ02', 43, 38, 'BALAGAN, JON FRANCIS  U.', '', 2209, 'PE2FTEX', 458),
	(1242, 'ZZ03', 43, 20, 'BALAGAN, JON FRANCIS  U.', '', 2220, 'PE2FTEX', 459),
	(1242, 'ZZ04', 43, 33, 'CABREROS, ANTHONY  DEL CASTILLO', '', 2190, 'PE2FTEX', 460),
	(1242, 'ZZ05', 43, 42, 'OÑA, DARWIN RYAN  DINAO', '', 2195, 'PE2FTEX', 461),
	(1242, 'ZZ06', 43, 20, 'OÑA, DARWIN RYAN  DINAO', '', 2194, 'PE2FTEX', 462),
	(1242, 'ZZ07', 43, 13, 'CABREROS, ANTHONY  DEL CASTILLO', '', 2214, 'PE2FTEX', 463),
	(1242, 'ZZ08', 43, 4, 'AGUINALDO, JERRWIN  CALIXTO', '', 2219, 'PE2FTEX', 464),
	(1242, 'ZZ09', 43, 23, 'ALMADILLA, RAFAEL  G.', '', 2215, 'PE2FTEX', 465),
	(1242, 'ZZ10', 43, 40, 'BALAGAN, JON FRANCIS  U.', '', 2208, 'PE2FTEX', 466),
	(1242, 'ZZ11', 43, 30, 'MANZANO, JERSHENETTE  C.', '', 2182, 'PE2FTEX', 467),
	(1242, 'ZZ12', 43, 22, 'BALAGAN, JON FRANCIS  U.', '', 2207, 'PE2FTEX', 468),
	(1242, 'ZZ13', 43, 10, 'MANZANO, JERSHENETTE  C.', '', 2199, 'PE2FTEX', 469),
	(1242, 'ZZ14', 43, 6, 'MENDIZABAL, BENGIE  PRANADA', '', 2198, 'PE2FTEX', 470),
	(1242, 'ZZ15', 43, 3, 'VALDEZ, ALEXANDER  MARIANO', '', 2192, 'PE2FTEX', 471),
	(1242, 'ZZ16', 43, 19, 'CATAPANG, JONATHAN  P.', '', 2189, 'PE2FTEX', 472),
	(1242, 'ZZ17', 43, 17, 'VALDEZ, ALEXANDER  MARIANO', '', 2191, 'PE2FTEX', 473),
	(1242, 'ZZ18', 43, 42, 'CATAPANG, JONATHAN  P.', '', 2188, 'PE2FTEX', 474),
	(1242, 'ZZ19', 43, 8, 'VALDEZ, ALEXANDER  MARIANO', '', 2203, 'PE2FTEX', 475),
	(1242, 'ZZ20', 43, 3, 'QUESADA, ALMARIO  LALU', '', 2213, 'PE2FTEX', 476),
	(1242, 'ZZ21', 43, 1, 'MENDIZABAL, BENGIE  PRANADA', '', 2197, 'PE2FTEX', 477),
	(1242, 'ZZ22', 43, 0, 'QUESADA, ALMARIO  LALU', '', 2212, 'PE2FTEX', 478),
	(1242, 'A51', 25, 10, 'GUIA, LUIE TITO  FERRER', 'HYB', 3133, 'POLPHIM', 479),
	(1242, 'EA1', 40, 25, NULL, 'HYB /FROSH BLOCK', 947, 'CALENG1', 1),
	(1242, 'EB1', 40, 40, NULL, 'HYB /FROSH BLOCK', 946, 'CALENG1', 2),
	(1242, 'EB2', 40, 11, NULL, 'HYB /FROSH BLOCK', 132, 'CALENG1', 3),
	(1242, 'EC2', 40, 31, NULL, 'HYB /FROSH BLOCK', 929, 'CALENG1', 4),
	(1242, 'EE1', 40, 18, NULL, 'HYB /FROSH BLOCK', 931, 'CALENG1', 5),
	(1242, 'EE2', 40, 40, NULL, 'HYB /FROSH BLOCK', 339, 'CALENG1', 6),
	(1242, 'EE3', 40, 40, NULL, 'HYB /FROSH BLOCK', 932, 'CALENG1', 7),
	(1242, 'EF1', 40, 40, NULL, 'HYB /FROSH BLOCK', 933, 'CALENG1', 8),
	(1242, 'EF2', 40, 40, NULL, 'HYB /FROSH BLOCK', 934, 'CALENG1', 9),
	(1242, 'EG1', 40, 40, NULL, 'HYB /FROSH BLOCK', 944, 'CALENG1', 10),
	(1242, 'EG2', 40, 13, NULL, 'HYB /FROSH BLOCK', 338, 'CALENG1', 11),
	(1242, 'EH', 40, 23, NULL, 'HYB /FROSH BLOCK', 935, 'CALENG1', 12),
	(1242, 'EJ', 40, 22, NULL, 'HYB /FROSH BLOCK', 937, 'CALENG1', 13),
	(1242, 'EQ1', 40, 6, NULL, 'HYB /FROSH BLOCK', 940, 'CALENG1', 14),
	(1242, 'EQ2', 40, 33, NULL, 'HYB /FROSH BLOCK', 941, 'CALENG1', 15),
	(1242, 'EQ3', 40, 40, NULL, 'HYB /FROSH BLOCK', 942, 'CALENG1', 16),
	(1242, 'EQ4', 25, 12, NULL, 'HYB /FROSH BLOCK', 943, 'CALENG1', 17),
	(1242, 'EW', 40, 40, NULL, 'HYB /FROSH BLOCK', 938, 'CALENG1', 18),
	(1242, 'XXE1', 10, 10, NULL, 'HYB /W/MERGED', 930, 'CALENG1', 19),
	(1242, 'XXE2', 11, 11, NULL, 'HYBRID', 6093, 'CALENG1', 20),
	(1242, 'N01B', 45, 41, 'SANTOS, MARILOU  CRUZ', 'HYBRID/FROSH BLOCK', 2829, 'GEUSELF', 21),
	(1242, 'XYA1', 40, 24, 'SANCHEZ, JEFFREY  D.', 'HYB', 2857, 'GEUSELF', 22),
	(1242, 'Y01', 25, 25, 'STA. MARIA, MARIE MADELENE  AVILA', 'FULL ONLINE', 1728, 'GEUSELF', 23),
	(1242, 'Y02', 25, 25, 'STA. MARIA, MARIE MADELENE  AVILA', 'FULL ONLINE', 2822, 'GEUSELF', 24),
	(1242, 'Y03', 25, 25, 'MELEGRITO, MA. LOURDES  FLORES', 'FULL ONLINE', 2827, 'GEUSELF', 25),
	(1242, 'Y04', 25, 25, 'CRUZ, FILEMON  RAMIREZ', 'HYBRID', 2823, 'GEUSELF', 26),
	(1242, 'Y05', 25, 25, 'CRUZ, FILEMON  RAMIREZ', 'HYBRID', 2826, 'GEUSELF', 27),
	(1242, 'Y06', 25, 25, 'TAN, MARY JEARETTE CRISKIM  A.', 'HYBRID', 2856, 'GEUSELF', 28),
	(1242, 'Y07', 25, 25, 'TAN, MARY JEARETTE CRISKIM  A.', 'HYBRID', 2855, 'GEUSELF', 29),
	(1242, 'Y08', 25, 25, 'CRUZ, FILEMON  RAMIREZ', 'HYBRID', 2825, 'GEUSELF', 30),
	(1242, 'Y09', 25, 25, 'CRUZ, FILEMON  RAMIREZ', 'HYBRID', 2824, 'GEUSELF', 31),
	(1242, 'Y10', 25, 25, 'TAN, MARY JEARETTE CRISKIM  A.', 'HYBRID', 2828, 'GEUSELF', 32),
	(1242, 'Y11', 25, 25, 'STA. MARIA, MARIE MADELENE  AVILA', 'FULL ONLINE', 2850, 'GEUSELF', 33),
	(1242, 'Y12', 25, 25, 'STA. MARIA, MARIE MADELENE  AVILA', 'FULL ONLINE', 2849, 'GEUSELF', 34),
	(1242, 'Y13', 25, 25, 'RAFINIAN, SWEET MARVELOUS U.', 'FULL ONLINE', 2848, 'GEUSELF', 35),
	(1242, 'Y14', 25, 25, 'RAFINIAN, SWEET MARVELOUS U.', 'HYBRID', 2847, 'GEUSELF', 36),
	(1242, 'Y15', 25, 4, 'PARUNGAO, JOANNA EUNICE  V.', 'HYBRID', 2846, 'GEUSELF', 37),
	(1242, 'Y16', 25, 4, 'PARUNGAO, JOANNA EUNICE  V.', 'HYBRID', 2845, 'GEUSELF', 38),
	(1242, 'Y17', 25, 5, 'PARUNGAO, JOANNA EUNICE  V.', 'HYBRID', 2844, 'GEUSELF', 39),
	(1242, 'Y18', 25, 25, 'REGADIO, CRISANTO  QUINOS', 'HYBRID', 2843, 'GEUSELF', 40),
	(1242, 'Y19', 25, 25, 'ACALA, JEFFERSON  JOVEN', 'HYBRID', 2842, 'GEUSELF', 41),
	(1242, 'Y20', 25, 25, 'REGADIO, CRISANTO  QUINOS', 'HYBRID', 2866, 'GEUSELF', 42),
	(1242, 'Z21', 25, 25, 'TONGSON, MONICA CAMILLE  CRUZ', 'HYBRID', 2854, 'GEUSELF', 43),
	(1242, 'Z22', 25, 25, 'TONGSON, MONICA CAMILLE  CRUZ', 'HYBRID', 2853, 'GEUSELF', 44),
	(1242, 'Z23', 25, 25, 'MANALASTAS, KATYA  E.', 'HYBRID', 2865, 'GEUSELF', 45),
	(1242, 'Z24', 25, 25, 'VILLACORTA, ERNEST GEIR  M.', 'FULL ONLINE', 2864, 'GEUSELF', 46),
	(1242, 'Z25', 25, 25, 'VILLACORTA, ERNEST GEIR  M.', 'FULL ONLINE', 2863, 'GEUSELF', 47),
	(1242, 'Z26', 25, 25, 'MANALASTAS, KATYA  E.', 'FULL ONLINE', 2862, 'GEUSELF', 48),
	(1242, 'Z27', 25, 17, 'ESTEVES, MARTIN JOSEPH  CASTILLO', 'HYBRID', 2861, 'GEUSELF', 49),
	(1242, 'Z28', 25, 25, 'DOLOR, RAMON RAFAEL  LAYGO', 'FULL ONLINE', 2860, 'GEUSELF', 50),
	(1242, 'Z29', 25, 25, 'DOLOR, RAMON RAFAEL  LAYGO', 'FULL ONLINE', 2859, 'GEUSELF', 51),
	(1242, 'Z30', 25, 25, 'ESTEVES, MARTIN JOSEPH  CASTILLO', 'FULL ONLINE', 2858, 'GEUSELF', 52),
	(1242, 'Z31', 25, 25, 'VILLACORTA, ERNEST GEIR  M.', 'HYBRID', 2841, 'GEUSELF', 53),
	(1242, 'Z32', 25, 25, 'VILLACORTA, ERNEST GEIR  M.', 'HYBRID', 2840, 'GEUSELF', 54),
	(1242, 'Z33', 25, 25, 'CELESTIAL, RONALDO  ROA', 'HYBRID', 2839, 'GEUSELF', 55),
	(1242, 'Z34', 25, 25, 'BELONG, MARIA FLORABEL  P.', 'HYBRID', 2838, 'GEUSELF', 56),
	(1242, 'Z35', 25, 25, 'FERNANDO, RAFAEL  F.', 'HYBRID', 2837, 'GEUSELF', 57),
	(1242, 'Z36', 25, 0, 'UDARBE, GINA  S.', 'HYBRID', 2836, 'GEUSELF', 58),
	(1242, 'Z37', 25, 25, 'FERNANDO, RAFAEL  F.', 'HYBRID', 2835, 'GEUSELF', 59),
	(1242, 'Z38', 25, 25, 'UDARBE, GINA  S.', 'HYBRID', 2834, 'GEUSELF', 60),
	(1242, 'Z39', 0, 30, 'UDARBE, GINA  S.', 'HYBRID/RESTRICTED', 2833, 'GEUSELF', 61),
	(1242, 'Z40', 45, 45, 'CELESTIAL, RONALDO  ROA', 'HYBRID/RESTRICTED', 2852, 'GEUSELF', 62),
	(1242, 'Z41', 25, 25, 'CELESTIAL, RONALDO  ROA', 'HYBRID', 2851, 'GEUSELF', 63),
	(1242, 'Z42', 25, 25, 'CELESTIAL, RONALDO  ROA', 'HYBRID', 2832, 'GEUSELF', 64),
	(1242, 'Z43', 25, 25, 'MANLULO, ANNA CARINA  GARCIA', 'HYBRID', 2831, 'GEUSELF', 65),
	(1242, 'Z44', 25, 25, 'SANTOS, MARILOU  CRUZ', 'HYBRID', 2830, 'GEUSELF', 66),
	(1242, 'S11A', 22, 22, 'LIM-CHENG, NATHALIE ROSE  ', 'HYB /HYBRID', 155, 'CCPROG2', 67),
	(1242, 'S11B', 22, 22, 'LIM-CHENG, NATHALIE ROSE  ', 'HYB /HYBRID', 158, 'CCPROG2', 68),
	(1242, 'S12A', 22, 22, 'LIM-CHENG, NATHALIE ROSE  ', 'HYB /HYBRID', 157, 'CCPROG2', 69),
	(1242, 'S12B', 22, 22, 'LIM-CHENG, NATHALIE ROSE  ', 'HYB /HYBRID', 156, 'CCPROG2', 70),
	(1242, 'S13A', 22, 10, 'SANTILLANA, JOHN ALEXANDER  COX', 'HYB /HYBRID', 177, 'CCPROG2', 71),
	(1242, 'S13B', 22, 9, 'SANTILLANA, JOHN ALEXANDER  COX', 'HYB /HYBRID', 144, 'CCPROG2', 72),
	(1242, 'S14A', 22, 21, 'SANTILLANA, JOHN ALEXANDER  COX', 'HYB /HYBRID', 176, 'CCPROG2', 73),
	(1242, 'S14B', 22, 18, 'SANTILLANA, JOHN ALEXANDER  COX', 'HYB /HYBRID', 145, 'CCPROG2', 74),
	(1242, 'S15A', 22, 4, 'BEREDO, JACKYLYN  L.', 'HYB /HYBRID', 151, 'CCPROG2', 75),
	(1242, 'S15B', 22, 1, 'BEREDO, JACKYLYN  L.', 'HYB /HYBRID', 150, 'CCPROG2', 76),
	(1242, 'S16A', 22, 1, 'BEREDO, JACKYLYN  L.', 'HYB /HYBRID', 153, 'CCPROG2', 77),
	(1242, 'S16B', 22, 0, 'BEREDO, JACKYLYN  L.', 'HYB /HYBRID', 152, 'CCPROG2', 78),
	(1242, 'S17A', 22, 22, 'BERRIS, OLIVER LESTER  L.', 'HYB /HYBRID', 154, 'CCPROG2', 79),
	(1242, 'S17B', 22, 22, 'BERRIS, OLIVER LESTER  L.', 'HYB /HYBRID', 173, 'CCPROG2', 80),
	(1242, 'S18A', 22, 21, 'SANTILLANA, JOHN ALEXANDER  COX', 'HYB /HYBRID', 172, 'CCPROG2', 81),
	(1242, 'S19A', 22, 5, 'KALAW, KRISTINE MA. DOMINIQUE  F.', 'HYB /HYBRID', 147, 'CCPROG2', 82),
	(1242, 'S19B', 22, 8, 'KALAW, KRISTINE MA. DOMINIQUE  F.', 'HYB /HYBRID', 146, 'CCPROG2', 83),
	(1242, 'S20A', 22, 22, 'TIAM-LEE, THOMAS JAMES  ZARRAGA', 'HYB /HYBRID', 166, 'CCPROG2', 84),
	(1242, 'S20B', 22, 22, 'TIAM-LEE, THOMAS JAMES  ZARRAGA', 'HYB /HYBRID', 165, 'CCPROG2', 85),
	(1242, 'S22A', 22, 22, 'SALVADOR, FLORANTE  ROFULE', 'HYB /HYBRID', 140, 'CCPROG2', 86),
	(1242, 'S22B', 22, 22, 'SALVADOR, FLORANTE  ROFULE', 'HYB /HYBRID', 143, 'CCPROG2', 87),
	(1242, 'S23A', 22, 22, 'SALVADOR, FLORANTE  ROFULE', 'HYB /HYBRID', 142, 'CCPROG2', 88),
	(1242, 'S23B', 22, 22, 'SALVADOR, FLORANTE  ROFULE', 'HYB /HYBRID', 141, 'CCPROG2', 89),
	(1242, 'S26A', 22, 22, 'CARONOÑGAN, ARTURO  PEPITO', 'HYB /HYBRID', 149, 'CCPROG2', 90),
	(1242, 'S26B', 22, 22, 'CARONOÑGAN, ARTURO  PEPITO', 'HYB /HYBRID', 148, 'CCPROG2', 91),
	(1242, 'S27A', 22, 14, 'KALAW, KRISTINE MA. DOMINIQUE  F.', 'HYB /HYBRID', 160, 'CCPROG2', 92),
	(1242, 'S27B', 22, 1, 'KALAW, KRISTINE MA. DOMINIQUE  F.', 'HYB /HYBRID', 159, 'CCPROG2', 93),
	(1242, 'S28A', 22, 22, 'NICDAO, DIOSDADO  R. III', 'HYB /HYBRID', 164, 'CCPROG2', 94),
	(1242, 'S28B', 22, 22, 'NICDAO, DIOSDADO  R. III', 'HYB /HYBRID', 163, 'CCPROG2', 95),
	(1242, 'S30A', 22, 22, 'ONG, MICHAEL  S.', 'HYB /HYBRID', 138, 'CCPROG2', 96),
	(1242, 'S30B', 22, 6, 'ONG, MICHAEL  S.', 'HYB /HYBRID', 139, 'CCPROG2', 97),
	(1242, 'N01', 20, 3, 'CHU, SHIRLEY  BARRIDO', 'HYB', 2958, 'CCPROG3', 98),
	(1242, 'S11', 20, 5, 'CHU, SHIRLEY  BARRIDO', 'HYB /HYBRID', 2957, 'CCPROG3', 99),
	(1242, 'S11', 20, 2, 'BAUTISTA, ROMUALDO JR.  M.', 'HYB /HYBRID', 745, 'CSADPRG', 100),
	(1242, 'S14', 43, 1, 'TANGKEKO, MARIVIC  SANTOS', 'HYB /HYBRID', 135, 'CCINFOM', 101),
	(1242, 'N01', 20, 4, 'LU, LOUIS PATRICE  ROBILLO', 'HYB', 264, 'CCAPDEV', 102),
	(1242, 'S15', 43, 9, 'LU, LOUIS PATRICE  ROBILLO', 'HYB /HYBRID', 271, 'CCAPDEV', 103),
	(1242, 'S16', 43, 38, 'CARONOÑGAN, ARTURO  PEPITO', 'HYB /HYBRID', 269, 'CCAPDEV', 104),
	(1242, 'S17', 43, 10, 'CARONOÑGAN, ARTURO  PEPITO', 'HYB /HYBRID', 268, 'CCAPDEV', 105),
	(1242, 'S18', 43, 31, 'LU, LOUIS PATRICE  ROBILLO', 'HYB /HYBRID', 270, 'CCAPDEV', 106),
	(1242, 'S19', 43, 0, 'DELENA, REYMARK  D.', 'FOL /FULLONLINE', 267, 'CCAPDEV', 107),
	(1242, 'S20', 43, 0, 'DELENA, REYMARK  D.', 'FOL /FULLONLINE', 262, 'CCAPDEV', 108),
	(1242, 'S21', 43, 0, 'HERRERA, MAR CHRISTIAN  LUCENA', 'FOL /FULLONLINE', 266, 'CCAPDEV', 109),
	(1242, 'XX22', 40, 2, 'HERRERA, MAR CHRISTIAN  LUCENA', 'FOL', 265, 'CCAPDEV', 110),
	(1242, 'XC23', 40, 18, 'BARCENA, AVANGELINE  M.', 'PIP /W/MERGED', 2202, 'PE2FTEX', 435),
	(1242, 'XXB1', 40, 0, 'BARCENA, AVANGELINE  M.', 'PIP /W/MERGED', 2201, 'PE2FTEX', 436),
	(1242, 'XXE1', 40, 8, 'BARCENA, AVANGELINE  M.', 'PIP /W/MERGED', 2200, 'PE2FTEX', 437),
	(1242, 'YY01', 43, 20, 'ACIBAR, MERLIE  TATAD', '', 2179, 'PE2FTEX', 438),
	(1242, 'YY02', 43, 10, 'ACIBAR, MERLIE  TATAD', '', 2180, 'PE2FTEX', 439),
	(1242, 'S12', 43, 22, 'SHRESTHA, ANISH  MAN SINGH', 'HYB /HYBRID', 2375, 'CCDSTRU', 121),
	(1242, 'S13', 43, 19, 'SHRESTHA, ANISH  MAN SINGH', 'HYB /HYBRID', 2374, 'CCDSTRU', 122),
	(1242, 'S14', 43, 9, 'GENDRANO, MA. CHRISTINE  AGENA', 'HYB /HYBRID', 2377, 'CCDSTRU', 123),
	(1242, 'S15', 40, 40, 'JAO, JAZZIE  R.', 'HYB /HYBRID', 2368, 'CCDSTRU', 124),
	(1242, 'S16', 40, 40, 'JAO, JAZZIE  R.', 'HYB /HYBRID', 2367, 'CCDSTRU', 125),
	(1242, 'S17', 43, 43, 'QUE, JEMIE  LIM', 'HYB /HYBRID', 2364, 'CCDSTRU', 126),
	(1242, 'S18', 43, 43, 'QUE, JEMIE  LIM', 'HYB /HYBRID', 2361, 'CCDSTRU', 127),
	(1242, 'S19', 43, 43, 'QUE, JEMIE  LIM', 'HYB /HYBRID', 2363, 'CCDSTRU', 128),
	(1242, 'S20', 43, 43, 'QUE, JEMIE  LIM', 'HYB /HYBRID', 2362, 'CCDSTRU', 129),
	(1242, 'S21', 43, 19, 'OCO, NATHANIEL  A.', 'HYB /HYBRID', 2358, 'CCDSTRU', 130),
	(1242, 'S22', 43, 5, 'GENDRANO, MA. CHRISTINE  AGENA', 'HYB /HYBRID', 2369, 'CCDSTRU', 131),
	(1242, 'S23', 43, 12, 'OCO, NATHANIEL  A.', 'HYB /HYBRID', 2359, 'CCDSTRU', 132),
	(1242, 'S24', 43, 6, 'OCO, NATHANIEL  A.', 'HYB /HYBRID', 2360, 'CCDSTRU', 133),
	(1242, 'S25', 40, 40, 'SORIANO, GARY  R.', 'HYB /HYBRID', 2373, 'CCDSTRU', 134),
	(1242, 'S26', 40, 40, 'SORIANO, GARY  R.', 'HYB /HYBRID', 2372, 'CCDSTRU', 135),
	(1242, 'S27', 43, 43, 'SORIANO, GARY  R.', 'HYB /HYBRID', 2371, 'CCDSTRU', 136),
	(1242, 'S28', 43, 43, 'SORIANO, GARY  R.', 'HYB /HYBRID', 2370, 'CCDSTRU', 137),
	(1242, 'S29', 43, 43, 'JAO, JAZZIE  R.', 'HYB /HYBRID', 2366, 'CCDSTRU', 138),
	(1242, 'S30', 43, 43, 'JAO, JAZZIE  R.', 'HYB /HYBRID', 2365, 'CCDSTRU', 139),
	(1242, 'XC23', 40, 16, 'GENDRANO, MA. CHRISTINE  AGENA', 'PIP', 2378, 'CCDSTRU', 140),
	(1242, 'N01', 35, 20, 'ERMINO, MARC ALVIN  ROLLODA', 'HYB', 3473, 'MTH101A', 141),
	(1242, 'XC23', 30, 6, 'LAWAS, CRESENCIA  MONTEAGUDO', 'HYBRID', 6091, 'MTH101A', 143),
	(1242, 'S11', 40, 10, 'CARPIO, KRISTINE JOY  ESPIRITU', 'HYB /HYBRID', 755, 'CSMATH1', 144),
	(1242, 'S12', 40, 40, 'CONCEPCION, EDWARD ROY  GAN', 'HYB /HYBRID', 1722, 'CSMATH1', 145),
	(1242, 'S13', 40, 12, 'JOS, ISAGANI  BATUTO', 'HYB /HYBRID', 756, 'CSMATH1', 146),
	(1242, 'S14', 40, 35, 'CARPIO, KRISTINE JOY  ESPIRITU', 'HYB /HYBRID', 1982, 'CSMATH1', 147),
	(1242, 'S15', 40, 40, 'PONSONES, RIGOR  BALGOS', 'HYB /HYBRID', 1990, 'CSMATH1', 148),
	(1242, 'S16', 40, 40, 'TAN, MICHELE  GO', 'HYB /HYBRID', 107, 'CSMATH1', 149),
	(1242, 'S17', 40, 2, 'JOS, ISAGANI  BATUTO', 'HYB /HYBRID', 1989, 'CSMATH1', 150),
	(1242, 'S18', 40, 12, 'SANTOS, CHRISTOPHER  FAUSTINO', 'HYB /HYBRID', 1988, 'CSMATH1', 151),
	(1242, 'S19', 40, 40, 'CONCEPCION, EDWARD ROY  GAN', 'HYB /HYBRID', 1987, 'CSMATH1', 152),
	(1242, 'S20', 40, 40, 'CARPIO, AVEGAIL  DAVID', 'HYB /HYBRID', 1984, 'CSMATH1', 153),
	(1242, 'S21', 40, 40, 'FORTUN, NOEL  TORREJA', 'HYB /HYBRID', 1983, 'CSMATH1', 154),
	(1242, 'S22', 40, 40, 'CARPIO, AVEGAIL  DAVID', 'HYB /HYBRID', 1986, 'CSMATH1', 155),
	(1242, 'S23', 40, 30, 'CARPIO, AVEGAIL  DAVID', 'HYB /HYBRID', 1985, 'CSMATH1', 156),
	(1242, 'S15', 40, 2, 'REYES, JOSE TRISTAN  FUA', 'HYB /HYBRID', 1991, 'CSMATH2', 157),
	(1242, 'S16', 40, 9, 'GRANARIO, DARYL  QUEBRAR', 'HYB /HYBRID', 1992, 'CSMATH2', 158),
	(1242, 'N01', 20, 18, 'ALBERTO, ANGELO  MANABAT', 'HYB /FROSH BLOCK', 1197, 'STT101A', 159),
	(1242, 'N02', 20, 17, 'ALBERTO, ANGELO  MANABAT', 'HYB /FROSH BLOCK', 1198, 'STT101A', 160),
	(1242, 'N03', 25, 6, 'REYES, MARIA ANGELI  TAN', 'HYB', 6026, 'STT101A', 161),
	(1242, 'N04', 25, 7, 'REYES, MARIA ANGELI  TAN', 'HYB', 6027, 'STT101A', 162),
	(1242, 'N05', 25, 10, 'NACION, NELDA  A.', 'HYB', 6028, 'STT101A', 163),
	(1242, 'N06', 25, 13, 'NACION, NELDA  A.', 'HYB', 6029, 'STT101A', 164),
	(1242, 'S15', 43, 37, 'UY, ROGER LUIS  TAN', 'HYB /HYBRID', 752, 'CSARCH1', 165),
	(1242, 'S16', 43, 15, 'UY, ROGER LUIS  TAN', 'HYB /HYBRID', 754, 'CSARCH1', 166),
	(1242, 'S17', 43, 31, 'UY, ROGER LUIS  TAN', 'HYB /HYBRID', 753, 'CSARCH1', 167),
	(1242, 'S18', 43, 0, 'ADRIANO, CARLO DELA CRUZ', 'HYB /HYBRID', 748, 'CSARCH1', 168),
	(1242, 'S19', 43, 0, 'PASCUAL, RONALD  MAGANDA', 'HYB /HYBRID', 747, 'CSARCH1', 169),
	(1242, 'S20', 43, 2, 'ASABA, HIROKI  MENDOZA', 'HYB /HYBRID', 749, 'CSARCH1', 170),
	(1242, 'S21', 43, 0, 'ADRIANO, CARLO DELA CRUZ', 'HYB /HYBRID', 751, 'CSARCH1', 171),
	(1242, 'XX22', 30, 2, 'ASABA, HIROKI  MENDOZA', 'HYB', 750, 'CSARCH1', 172),
	(1242, 'S18', 43, 0, 'ANTIOQUIA, ARREN MATTHEW  CAPUCHINO', 'HYB /HYBRID', 1184, 'STINTSY', 205),
	(1242, 'XX22', 20, 8, 'ANTIOQUIA, ARREN MATTHEW  CAPUCHINO', 'HYB /W/MERGED', 1187, 'STINTSY', 206),
	(1242, 'S11', 40, 8, 'CANTUBA, RAFAEL RENO  SUIZA', 'HYB /HYBRID', 2132, 'ST-MATH', 207),
	(1242, 'S12', 40, 6, 'CANTUBA, RAFAEL RENO  SUIZA', 'HYB /HYBRID', 2131, 'ST-MATH', 208),
	(1242, 'S13', 40, 30, 'ERMINO, MARC ALVIN  ROLLODA', 'HYB /HYBRID', 2130, 'ST-MATH', 209),
	(1242, 'S14', 40, 15, 'CANTUBA, RAFAEL RENO  SUIZA', 'HYB /HYBRID', 2128, 'ST-MATH', 210),
	(1242, 'S15', 40, 4, 'SANTOS, CHRISTOPHER  FAUSTINO', 'HYB /HYBRID', 2127, 'ST-MATH', 211),
	(1242, 'S16', 40, 0, 'SANTOS, CHRISTOPHER  FAUSTINO', 'HYB /HYBRID', 2126, 'ST-MATH', 212),
	(1242, 'S17', 40, 40, 'FORTUN, NOEL  TORREJA', 'HYB /HYBRID', 2125, 'ST-MATH', 213),
	(1242, 'XC23', 17, 17, 'LAWAS, CRESENCIA  MONTEAGUDO', 'HYB /W/MERGED', 2129, 'ST-MATH', 214),
	(1242, 'S11', 43, 11, 'SIDO, MA. VICTORIA ANGELICA  P.', 'FOL /FULLONLINE', 3527, 'STHCIUX', 111),
	(1242, 'S12', 43, 1, 'SIDO, MA. VICTORIA ANGELICA  P.', 'FOL /FULLONLINE', 3526, 'STHCIUX', 112),
	(1242, 'S11', 40, 40, 'CU, JOCELYNN  WONG', 'HYB /HYBRID', 2379, 'CCICOMP', 113),
	(1242, 'S12', 40, 40, 'CU, JOCELYNN  WONG', 'HYB /HYBRID', 134, 'CCICOMP', 114),
	(1242, 'S13', 40, 40, 'CU, JOCELYNN  WONG', 'HYB /HYBRID', 111, 'CCICOMP', 115),
	(1242, 'S14', 40, 40, 'CU, JOCELYNN  WONG', 'HYB /HYBRID', 2380, 'CCICOMP', 116),
	(1242, 'S15', 40, 11, 'FLORES, FRITZ KEVIN  SALVADOR', 'HYB /HYBRID', 2381, 'CCICOMP', 117),
	(1242, 'S16', 40, 37, 'FLORES, FRITZ KEVIN  SALVADOR', 'HYB /HYBRID', 2382, 'CCICOMP', 118),
	(1242, 'S17', 40, 28, 'FLORES, FRITZ KEVIN  SALVADOR', 'HYB /HYBRID', 927, 'CCICOMP', 119),
	(1242, 'S11', 43, 17, 'SHRESTHA, ANISH  MAN SINGH', 'HYB /HYBRID', 2376, 'CCDSTRU', 120),
	(1242, 'N02', 35, 7, 'NACION, NELDA  A.', 'HYB', 3474, 'MTH101A', 142),
	(1242, 'S13', 43, 18, 'TIGHE, EDWARD  PATRICK', 'HYB /HYBRID', 1192, 'STMETHD', 173),
	(1242, 'S14', 43, 39, 'DEJA, JORDAN AIKO  PATIO', 'HYB /HYBRID', 1190, 'STMETHD', 174),
	(1242, 'S15', 43, 31, 'DEJA, JORDAN AIKO  PATIO', 'HYB /HYBRID', 1196, 'STMETHD', 175),
	(1242, 'S16', 43, 3, 'ZAMIN, NORSHUHANI', 'HYB /HYBRID', 1195, 'STMETHD', 176),
	(1242, 'S17', 43, 1, 'ZAMIN, NORSHUHANI', 'HYB /HYBRID', 1191, 'STMETHD', 177),
	(1242, 'S18', 43, 28, 'ZAMIN, NORSHUHANI', 'HYB /HYBRID', 1194, 'STMETHD', 178),
	(1242, 'XX22', 40, 6, 'AZCARRAGA, JUDITH  JUMIG', 'PIP', 1193, 'STMETHD', 179),
	(1242, 'S15', 43, 11, 'JAO, JAZZIE  R.', '', 459, 'THS-ST1', 180),
	(1242, 'S16', 43, 3, 'JAO, JAZZIE  R.', '', 458, 'THS-ST1', 181),
	(1242, 'S13', 43, 32, 'JAO, JAZZIE  R.', '', 3989, 'THS-ST2', 182),
	(1242, 'S14', 43, 31, 'JAO, JAZZIE  R.', '', 3990, 'THS-ST2', 183),
	(1242, 'S15', 43, 21, 'JAO, JAZZIE  R.', '', 3991, 'THS-ST2', 184),
	(1242, 'S16', 43, 14, 'JAO, JAZZIE  R.', '', 3993, 'THS-ST2', 185),
	(1242, 'XX22', 10, 1, 'JAO, JAZZIE  R.', '', 3992, 'THS-ST2', 186),
	(1242, 'S15', 43, 5, 'CHENG, DANNY  CO', 'HYB /HYBRID', 3220, 'CCINOV8', 187),
	(1242, 'S16', 43, 43, 'MAGPANTAY, LISSA ANDREA  KATIGBAK', 'HYB /HYBRID', 3219, 'CCINOV8', 188),
	(1242, 'S17', 30, 30, NULL, 'PIP', 3221, 'CCINOV8', 189),
	(1242, 'S11', 30, 30, 'SOLOMON, KATRINA YSABEL  CAMTAN', 'HYB /HYBRID', 1994, 'CSSECDV', 190),
	(1242, 'S12', 30, 14, 'GREGORIO, FEDERICO  A.', 'HYB /HYBRID', 1996, 'CSSECDV', 191),
	(1242, 'S13', 30, 20, 'GREGORIO, FEDERICO  A.', 'HYB /HYBRID', 1995, 'CSSECDV', 192),
	(1242, 'S14', 30, 22, 'SORIANO, ANDREW PHILIP  M.', 'FULLONLINE', 5387, 'CSSECDV', 193),
	(1242, 'S15', 43, 3, 'UY, ROGER LUIS  TAN', 'FOL /FULLONLINE', 3068, 'CSARCH2', 194),
	(1242, 'S11', 43, 15, 'MANTUA, JONATHAN  CADELIÑA', 'HYB /HYBRID', 4353, 'STDISCM', 195),
	(1242, 'S12', 43, 20, 'MANTUA, JONATHAN  CADELIÑA', 'HYB /HYBRID', 4355, 'STDISCM', 196),
	(1242, 'S13', 43, 18, NULL, 'HYB /HYBRID', 3503, 'STDISCM', 197),
	(1242, 'S14', 43, 43, 'MANTUA, JONATHAN  CADELIÑA', 'HYB /HYBRID', 4354, 'STDISCM', 198),
	(1242, 'XX22', 20, 1, 'DEL GALLEGO, NEIL PATRICK  ABARRO', 'HYB /GDPARCM/ODD-F2F', 5920, 'STDISCM', 199),
	(1242, 'S13', 43, 13, 'AGUILAR, EMERICO  HABACON', 'HYB /HYBRID', 1183, 'STINTSY', 200),
	(1242, 'S14', 43, 8, 'AGUILAR, EMERICO  HABACON', 'HYB /HYBRID', 1185, 'STINTSY', 201),
	(1242, 'S15', 43, 43, 'ALON, ALVIN  S.', 'HYB /HYBRID', 1186, 'STINTSY', 202),
	(1242, 'S16', 43, 43, 'ALON, ALVIN  S.', 'HYB /HYBRID', 1189, 'STINTSY', 203),
	(1242, 'S17', 43, 0, NULL, 'HYB /HYBRID', 1188, 'STINTSY', 204),
	(1242, 'XX22', 15, 0, NULL, 'HYBRID', 6096, 'ST-MATH', 215),
	(1242, 'N01', 20, 4, 'LEE, BRYANT PHILIPPE  S.', 'HYBRID', 5404, 'CSMODEL', 216),
	(1242, 'S11', 40, 0, 'LEE, BRYANT PHILIPPE  S.', 'HYBRID', 6189, 'CSMODEL', 217);


--
-- Data for Name: personalSchedules; Type: TABLE DATA; Schema: public; Owner: postgres
--



--
-- Data for Name: sectionSchedules; Type: TABLE DATA; Schema: public; Owner: postgres
--

INSERT INTO "public"."sectionSchedules" ("id", "day", "start", "end", "room", "section_id") VALUES
	(4, 'H', '14:30:00', '16:00:00', NULL, 2),
	(6, 'H', '12:45:00', '14:15:00', NULL, 3),
	(7, 'M', '09:15:00', '10:45:00', 'AG1702', 4),
	(8, 'H', '09:15:00', '10:45:00', NULL, 4),
	(9, 'M', '07:30:00', '09:00:00', 'VL200A', 5),
	(10, 'H', '07:30:00', '09:00:00', NULL, 5),
	(11, 'M', '12:45:00', '14:15:00', 'VL200A', 6),
	(12, 'H', '12:45:00', '14:15:00', NULL, 6),
	(13, 'T', '11:00:00', '12:30:00', 'VL200A', 7),
	(14, 'F', '11:00:00', '12:30:00', NULL, 7),
	(15, 'M', '09:15:00', '10:45:00', 'VL200A', 8),
	(16, 'H', '09:15:00', '10:45:00', NULL, 8),
	(17, 'T', '14:30:00', '16:00:00', 'VL200A', 9),
	(18, 'F', '14:30:00', '16:00:00', NULL, 9),
	(19, 'M', '12:45:00', '14:15:00', 'VL204', 10),
	(20, 'H', '12:45:00', '14:15:00', NULL, 10),
	(21, 'M', '07:30:00', '09:00:00', 'VL204', 11),
	(22, 'H', '07:30:00', '09:00:00', NULL, 11),
	(24, 'F', '09:15:00', '10:45:00', NULL, 12),
	(25, 'T', '12:45:00', '14:15:00', 'GK201', 13),
	(26, 'F', '12:45:00', '14:15:00', NULL, 13),
	(27, 'T', '07:30:00', '09:00:00', 'VL307', 14),
	(28, 'F', '07:30:00', '09:00:00', NULL, 14),
	(29, 'T', '09:15:00', '10:45:00', 'GK206', 15),
	(30, 'F', '09:15:00', '10:45:00', NULL, 15),
	(31, 'T', '12:45:00', '14:15:00', 'GK204', 16),
	(32, 'F', '12:45:00', '14:15:00', NULL, 16),
	(33, 'T', '11:00:00', '12:30:00', 'AG1601', 17),
	(34, 'F', '11:00:00', '12:30:00', NULL, 17),
	(35, 'T', '14:30:00', '16:00:00', 'GK201', 18),
	(36, 'F', '14:30:00', '16:00:00', NULL, 18),
	(37, 'T', '12:45:00', '14:15:00', NULL, 19),
	(38, 'F', '12:45:00', '14:15:00', 'GT201', 19),
	(39, 'T', '12:45:00', '14:15:00', NULL, 20),
	(41, 'T', '16:15:00', '17:45:00', NULL, 21),
	(42, 'F', '16:15:00', '17:45:00', 'SJ112', 21),
	(43, 'T', '09:15:00', '10:45:00', 'MRW204', 22),
	(44, 'F', '09:15:00', '10:45:00', NULL, 22),
	(45, 'M', '07:30:00', '09:00:00', NULL, 23),
	(46, 'H', '07:30:00', '09:00:00', NULL, 23),
	(47, 'M', '09:15:00', '10:45:00', NULL, 24),
	(48, 'H', '09:15:00', '10:45:00', NULL, 24),
	(49, 'M', '11:00:00', '12:30:00', NULL, 25),
	(50, 'H', '11:00:00', '12:30:00', NULL, 25),
	(51, 'M', '12:45:00', '14:15:00', 'LS208', 26),
	(52, 'H', '12:45:00', '14:15:00', NULL, 26),
	(53, 'M', '14:30:00', '16:00:00', 'LS208', 27),
	(54, 'H', '14:30:00', '16:00:00', NULL, 27),
	(55, 'M', '16:15:00', '17:45:00', 'LS208', 28),
	(56, 'H', '16:15:00', '17:45:00', NULL, 28),
	(58, 'H', '18:00:00', '19:30:00', NULL, 29),
	(59, 'T', '07:30:00', '09:00:00', 'LS109', 30),
	(60, 'F', '07:30:00', '09:00:00', NULL, 30),
	(61, 'T', '09:15:00', '10:45:00', 'LS109', 31),
	(62, 'F', '09:15:00', '10:45:00', NULL, 31),
	(63, 'T', '11:00:00', '12:30:00', 'LS109', 32),
	(64, 'F', '11:00:00', '12:30:00', NULL, 32),
	(65, 'T', '12:45:00', '14:15:00', NULL, 33),
	(66, 'F', '12:45:00', '14:15:00', NULL, 33),
	(67, 'T', '14:30:00', '16:00:00', NULL, 34),
	(70, 'F', '14:30:00', '16:00:00', NULL, 34),
	(68, 'T', '16:15:00', '17:45:00', NULL, 35),
	(69, 'F', '16:15:00', '17:45:00', NULL, 35),
	(71, 'T', '18:00:00', '19:30:00', 'LS207', 36),
	(72, 'F', '18:00:00', '19:30:00', NULL, 36),
	(74, 'S', '07:30:00', '09:00:00', NULL, 37),
	(75, 'W', '09:15:00', '10:45:00', 'SM406', 38),
	(76, 'S', '09:15:00', '10:45:00', NULL, 38),
	(77, 'W', '11:00:00', '12:30:00', 'SM406', 39),
	(78, 'S', '11:00:00', '12:30:00', NULL, 39),
	(79, 'T', '14:30:00', '16:00:00', 'VL501', 40),
	(80, 'F', '14:30:00', '16:00:00', NULL, 40),
	(81, 'T', '16:15:00', '17:45:00', 'VL501', 41),
	(82, 'F', '16:15:00', '17:45:00', NULL, 41),
	(83, 'M', '09:15:00', '10:45:00', 'LS208', 42),
	(84, 'H', '09:15:00', '10:45:00', NULL, 42),
	(85, 'M', '07:30:00', '09:00:00', NULL, 43),
	(86, 'H', '07:30:00', '09:00:00', 'LS208', 43),
	(87, 'M', '09:15:00', '10:45:00', NULL, 44),
	(88, 'H', '09:15:00', '10:45:00', 'LS208', 44),
	(89, 'M', '11:00:00', '12:30:00', NULL, 45),
	(91, 'M', '12:45:00', '14:15:00', NULL, 46),
	(92, 'H', '12:45:00', '14:15:00', NULL, 46),
	(93, 'M', '14:30:00', '16:00:00', NULL, 47),
	(94, 'H', '14:30:00', '16:00:00', NULL, 47),
	(95, 'M', '16:15:00', '17:45:00', NULL, 48),
	(96, 'H', '16:15:00', '17:45:00', NULL, 48),
	(97, 'M', '18:00:00', '19:30:00', NULL, 49),
	(98, 'H', '18:00:00', '19:30:00', 'LS227', 49),
	(99, 'T', '07:30:00', '09:00:00', NULL, 50),
	(100, 'F', '07:30:00', '09:00:00', NULL, 50),
	(101, 'T', '09:15:00', '10:45:00', NULL, 51),
	(102, 'F', '09:15:00', '10:45:00', NULL, 51),
	(103, 'T', '11:00:00', '12:30:00', NULL, 52),
	(104, 'F', '11:00:00', '12:30:00', NULL, 52),
	(105, 'T', '12:45:00', '14:15:00', NULL, 53),
	(106, 'F', '12:45:00', '14:15:00', 'LS207', 53),
	(107, 'T', '14:30:00', '16:00:00', NULL, 54),
	(109, 'T', '16:15:00', '17:45:00', NULL, 55),
	(110, 'F', '16:15:00', '17:45:00', 'LS207', 55),
	(111, 'T', '18:00:00', '19:30:00', NULL, 56),
	(112, 'F', '18:00:00', '19:30:00', 'LS207', 56),
	(113, 'W', '07:30:00', '09:00:00', NULL, 57),
	(114, 'S', '07:30:00', '09:00:00', 'VL507', 57),
	(115, 'W', '09:15:00', '10:45:00', NULL, 58),
	(116, 'S', '09:15:00', '10:45:00', 'VL507', 58),
	(117, 'W', '11:00:00', '12:30:00', NULL, 59),
	(118, 'S', '11:00:00', '12:30:00', 'VL507', 59),
	(119, 'M', '12:45:00', '14:15:00', NULL, 60),
	(120, 'H', '12:45:00', '14:15:00', 'LS110', 60),
	(121, 'M', '14:30:00', '16:00:00', NULL, 61),
	(122, 'H', '14:30:00', '16:00:00', 'LS110', 61),
	(123, 'T', '07:30:00', '09:00:00', NULL, 62),
	(125, 'M', '11:00:00', '12:30:00', NULL, 63),
	(126, 'H', '11:00:00', '12:30:00', 'SM407', 63),
	(127, 'M', '12:45:00', '14:15:00', NULL, 64),
	(128, 'H', '12:45:00', '14:15:00', 'SM407', 64),
	(129, 'T', '09:15:00', '10:45:00', NULL, 65),
	(2, 'F', '12:45:00', '14:15:00', NULL, 1),
	(3, 'M', '14:30:00', '16:00:00', 'AG1702', 2),
	(130, 'F', '09:15:00', '10:45:00', 'LS311', 65),
	(132, 'F', '11:00:00', '12:30:00', 'LS311', 66),
	(134, 'H', '07:30:00', '09:00:00', 'GK302A', 67),
	(136, 'H', '09:15:00', '10:45:00', 'GK302A', 68),
	(138, 'F', '09:15:00', '10:45:00', 'GK302A', 69),
	(140, 'F', '07:30:00', '09:00:00', 'GK302A', 70),
	(142, 'H', '07:30:00', '09:00:00', 'GK306A', 71),
	(144, 'H', '09:15:00', '10:45:00', 'GK306A', 72),
	(146, 'F', '09:15:00', '10:45:00', 'GK306A', 73),
	(148, 'F', '07:30:00', '09:00:00', 'GK306A', 74),
	(150, 'F', '09:15:00', '10:45:00', 'GK304A', 75),
	(152, 'F', '11:00:00', '12:30:00', 'GK304A', 76),
	(154, 'F', '14:30:00', '16:00:00', 'GK404B', 77),
	(156, 'F', '16:15:00', '17:45:00', 'GK404B', 78),
	(158, 'F', '09:15:00', '10:45:00', 'GK301', 79),
	(160, 'F', '11:00:00', '12:30:00', 'GK301', 80),
	(162, 'F', '14:30:00', '16:00:00', 'GK306A', 81),
	(164, 'F', '09:15:00', '10:45:00', 'GK404B', 82),
	(166, 'F', '11:00:00', '12:30:00', 'GK404B', 83),
	(168, 'F', '12:45:00', '14:15:00', 'GK304A', 84),
	(170, 'F', '14:30:00', '16:00:00', 'GK304A', 85),
	(172, 'F', '07:30:00', '09:00:00', 'GK302B', 86),
	(174, 'F', '09:15:00', '10:45:00', 'GK302B', 87),
	(176, 'H', '12:45:00', '14:15:00', 'GK302A', 88),
	(178, 'H', '14:30:00', '16:00:00', 'GK302A', 89),
	(180, 'H', '09:15:00', '10:45:00', 'GK302B', 90),
	(194, 'F', '14:30:00', '16:00:00', 'GK302B', 97),
	(196, 'H', '07:30:00', '09:00:00', 'ST314', 98),
	(202, 'F', '09:15:00', '10:45:00', 'AG1904', 101),
	(283, 'F', '11:00:00', '12:30:00', 'GK201', 139),
	(285, 'H', '16:15:00', '17:45:00', 'GT202', 140),
	(294, 'W', '07:30:00', '09:00:00', 'MRE201', 143),
	(296, 'T', '16:15:00', '18:15:00', NULL, 143),
	(299, 'M', '09:15:00', '10:45:00', NULL, 145),
	(302, 'H', '11:00:00', '12:30:00', 'VL203', 146),
	(316, 'F', '11:00:00', '12:30:00', 'VL203', 153),
	(318, 'F', '12:45:00', '14:15:00', 'VL203', 154),
	(320, 'F', '14:30:00', '16:00:00', 'VL203', 155),
	(322, 'F', '16:15:00', '17:45:00', 'VL203', 156),
	(325, 'T', '16:15:00', '17:45:00', NULL, 158),
	(327, 'T', '12:45:00', '14:15:00', NULL, 159),
	(330, 'M', '14:30:00', '16:00:00', NULL, 160),
	(332, 'H', '11:00:00', '12:30:00', 'LS320', 161),
	(334, 'H', '16:15:00', '17:45:00', 'LS320', 162),
	(336, 'F', '14:30:00', '16:00:00', 'LS320', 163),
	(338, 'F', '16:15:00', '17:45:00', 'LS320', 164),
	(340, 'H', '09:15:00', '10:45:00', 'AG1110', 165),
	(342, 'H', '11:00:00', '12:30:00', 'AG1110', 166),
	(352, 'F', '16:15:00', '17:45:00', 'AG1705', 171),
	(356, 'H', '09:15:00', '10:45:00', 'GK201', 173),
	(360, 'H', '16:15:00', '17:45:00', 'AG1109', 175),
	(364, 'H', '11:00:00', '12:30:00', 'AG1707', 177),
	(182, 'H', '11:00:00', '12:30:00', 'GK302B', 91),
	(184, 'F', '14:30:00', '16:00:00', 'GK302A', 92),
	(186, 'F', '16:15:00', '17:45:00', 'GK302A', 93),
	(188, 'H', '09:15:00', '10:45:00', 'GK304A', 94),
	(190, 'H', '11:00:00', '12:30:00', 'GK304A', 95),
	(192, 'F', '12:45:00', '14:15:00', 'GK302B', 96),
	(177, 'M', '12:45:00', '14:15:00', NULL, 89),
	(179, 'M', '09:15:00', '10:45:00', NULL, 90),
	(181, 'M', '09:15:00', '10:45:00', NULL, 91),
	(183, 'T', '14:30:00', '16:00:00', NULL, 92),
	(185, 'T', '14:30:00', '16:00:00', NULL, 93),
	(187, 'M', '09:15:00', '10:45:00', NULL, 94),
	(189, 'M', '09:15:00', '10:45:00', NULL, 95),
	(191, 'T', '12:45:00', '14:15:00', NULL, 96),
	(193, 'T', '12:45:00', '14:15:00', NULL, 97),
	(195, 'M', '07:30:00', '09:00:00', NULL, 98),
	(205, 'M', '07:30:00', '09:00:00', NULL, 103),
	(207, 'T', '09:15:00', '10:45:00', NULL, 104),
	(209, 'T', '09:15:00', '10:45:00', NULL, 105),
	(211, 'M', '12:45:00', '14:15:00', NULL, 106),
	(213, 'S', '09:00:00', '12:00:00', NULL, 107),
	(215, 'M', '16:15:00', '17:45:00', NULL, 109),
	(217, 'M', '16:15:00', '17:45:00', NULL, 110),
	(219, 'T', '11:00:00', '12:30:00', NULL, 111),
	(221, 'T', '11:00:00', '12:30:00', NULL, 112),
	(223, 'M', '07:30:00', '09:00:00', NULL, 113),
	(225, 'W', '07:30:00', '09:00:00', 'GK407', 113),
	(227, 'H', '09:15:00', '10:45:00', 'GK207', 114),
	(229, 'M', '12:45:00', '14:15:00', NULL, 115),
	(231, 'W', '11:00:00', '12:30:00', 'GK407', 115),
	(233, 'H', '14:30:00', '16:00:00', 'GK207', 116),
	(235, 'T', '11:00:00', '12:30:00', NULL, 117),
	(237, 'W', '07:30:00', '09:00:00', 'GK405', 117),
	(239, 'F', '11:00:00', '12:30:00', 'GK207', 118),
	(241, 'T', '14:30:00', '16:00:00', NULL, 119),
	(243, 'W', '12:45:00', '14:15:00', 'GK405', 119),
	(245, 'H', '09:15:00', '10:45:00', 'GK206', 120),
	(247, 'H', '11:00:00', '12:30:00', 'GK206', 121),
	(249, 'H', '16:15:00', '17:45:00', 'GK206', 122),
	(251, 'F', '11:00:00', '12:30:00', 'GK202', 123),
	(253, 'H', '09:15:00', '10:45:00', 'VL304', 124),
	(255, 'H', '11:00:00', '12:30:00', 'VL304', 125),
	(257, 'F', '07:30:00', '09:00:00', 'GK206', 126),
	(259, 'F', '09:15:00', '10:45:00', 'GK204', 127),
	(261, 'F', '12:45:00', '14:15:00', 'GK204', 128),
	(263, 'F', '14:30:00', '16:00:00', 'GK204', 129),
	(265, 'H', '14:30:00', '16:00:00', 'GK204', 130),
	(267, 'F', '09:15:00', '10:45:00', 'GK202', 131),
	(269, 'H', '14:30:00', '16:00:00', 'GK203', 132),
	(271, 'H', '16:15:00', '17:45:00', 'GK203', 133),
	(273, 'H', '09:15:00', '10:45:00', 'VL307', 134),
	(275, 'H', '11:00:00', '12:30:00', 'VL307', 135),
	(277, 'F', '09:15:00', '10:45:00', 'GK206', 136),
	(279, 'F', '11:00:00', '12:30:00', 'GK206', 137),
	(281, 'F', '09:15:00', '10:45:00', 'GK201', 138),
	(287, 'M', '09:15:00', '10:15:00', NULL, 141),
	(290, 'T', '12:45:00', '13:45:00', NULL, 142),
	(292, 'F', '12:45:00', '14:15:00', 'LS302', 142),
	(297, 'M', '07:30:00', '09:00:00', NULL, 144),
	(301, 'M', '11:00:00', '12:30:00', NULL, 146),
	(303, 'M', '12:45:00', '14:15:00', NULL, 147),
	(305, 'M', '14:30:00', '16:00:00', NULL, 148),
	(307, 'M', '16:15:00', '17:45:00', NULL, 149),
	(309, 'M', '16:15:00', '17:45:00', NULL, 150),
	(311, 'T', '07:30:00', '09:00:00', NULL, 151),
	(344, 'F', '07:30:00', '09:00:00', 'AG1705', 168),
	(349, 'T', '11:00:00', '12:30:00', NULL, 170),
	(353, 'M', '09:15:00', '10:45:00', 'RL209', 172),
	(357, 'M', '14:30:00', '16:00:00', NULL, 174),
	(361, 'M', '09:15:00', '10:45:00', NULL, 176),
	(369, 'M', '07:30:00', '09:00:00', NULL, 187),
	(379, 'T', '12:45:00', '14:15:00', NULL, 192),
	(396, 'T', '16:15:00', '17:45:00', NULL, 201),
	(401, 'H', '18:00:00', '19:30:00', 'GK204', 203),
	(406, 'T', '11:00:00', '12:30:00', 'MRE303', 206),
	(411, 'H', '09:15:00', '10:45:00', 'VL204', 208),
	(416, 'T', '11:00:00', '12:30:00', NULL, 211),
	(421, 'F', '14:30:00', '16:00:00', 'VL204', 213),
	(426, 'T', '09:15:00', '10:45:00', NULL, 216),
	(131, 'T', '11:00:00', '12:30:00', NULL, 66),
	(133, 'M', '07:30:00', '09:00:00', NULL, 67),
	(135, 'M', '07:30:00', '09:00:00', NULL, 68),
	(137, 'T', '07:30:00', '09:00:00', NULL, 69),
	(139, 'T', '07:30:00', '09:00:00', NULL, 70),
	(141, 'M', '07:30:00', '09:00:00', NULL, 71),
	(143, 'M', '07:30:00', '09:00:00', NULL, 72),
	(145, 'T', '07:30:00', '09:00:00', NULL, 73),
	(147, 'T', '07:30:00', '09:00:00', NULL, 74),
	(149, 'T', '09:15:00', '10:45:00', NULL, 75),
	(151, 'T', '09:15:00', '10:45:00', NULL, 76),
	(153, 'T', '14:30:00', '16:00:00', NULL, 77),
	(155, 'T', '14:30:00', '16:00:00', NULL, 78),
	(157, 'T', '09:15:00', '10:45:00', NULL, 79),
	(159, 'T', '09:15:00', '10:45:00', NULL, 80),
	(161, 'T', '14:30:00', '16:00:00', NULL, 81),
	(163, 'T', '09:15:00', '10:45:00', NULL, 82),
	(165, 'T', '09:15:00', '10:45:00', NULL, 83),
	(167, 'T', '12:45:00', '14:15:00', NULL, 84),
	(169, 'T', '12:45:00', '14:15:00', NULL, 85),
	(171, 'T', '07:30:00', '09:00:00', NULL, 86),
	(173, 'T', '07:30:00', '09:00:00', NULL, 87),
	(175, 'M', '12:45:00', '14:15:00', NULL, 88),
	(197, 'M', '07:30:00', '09:00:00', NULL, 99),
	(201, 'T', '09:15:00', '10:45:00', NULL, 101),
	(203, 'M', '07:30:00', '09:00:00', NULL, 102),
	(198, 'H', '09:15:00', '10:45:00', 'GK404B', 99),
	(260, 'T', '12:45:00', '14:15:00', NULL, 128),
	(262, 'T', '12:45:00', '14:15:00', NULL, 129),
	(264, 'M', '14:30:00', '16:00:00', NULL, 130),
	(266, 'T', '09:15:00', '10:45:00', NULL, 131),
	(268, 'M', '14:30:00', '16:00:00', NULL, 132),
	(270, 'M', '14:30:00', '16:00:00', NULL, 133),
	(272, 'M', '09:15:00', '10:45:00', NULL, 134),
	(274, 'M', '09:15:00', '10:45:00', NULL, 135),
	(276, 'T', '09:15:00', '10:45:00', NULL, 136),
	(278, 'T', '09:15:00', '10:45:00', NULL, 137),
	(280, 'T', '09:15:00', '10:45:00', NULL, 138),
	(282, 'T', '09:15:00', '10:45:00', NULL, 139),
	(284, 'M', '16:15:00', '17:45:00', 'GT202', 140),
	(289, 'H', '09:15:00', '10:45:00', 'VL305', 141),
	(293, 'H', '12:45:00', '14:15:00', 'LS302', 142),
	(295, 'F', '16:15:00', '17:45:00', 'GT207', 143),
	(298, 'H', '07:30:00', '09:00:00', 'VL203', 144),
	(300, 'H', '09:15:00', '10:45:00', 'VL203', 145),
	(313, 'T', '09:15:00', '10:45:00', NULL, 152),
	(315, 'T', '11:00:00', '12:30:00', NULL, 153),
	(317, 'T', '12:45:00', '14:15:00', NULL, 154),
	(319, 'T', '14:30:00', '16:00:00', NULL, 155),
	(321, 'T', '16:15:00', '17:45:00', NULL, 156),
	(323, 'T', '14:30:00', '16:00:00', NULL, 157),
	(326, 'F', '16:15:00', '17:45:00', 'VL304', 158),
	(331, 'M', '11:00:00', '12:30:00', NULL, 161),
	(333, 'M', '16:15:00', '17:45:00', NULL, 162),
	(335, 'T', '14:30:00', '16:00:00', NULL, 163),
	(337, 'T', '16:15:00', '17:45:00', NULL, 164),
	(339, 'M', '09:15:00', '10:45:00', NULL, 165),
	(341, 'M', '09:15:00', '10:45:00', NULL, 166),
	(348, 'F', '09:15:00', '10:45:00', 'AG1705', 169),
	(366, 'H', '14:30:00', '16:00:00', 'AG1109', 178),
	(377, 'T', '11:00:00', '12:30:00', NULL, 191),
	(388, 'M', '07:30:00', '09:00:00', NULL, 197),
	(398, 'M', '16:15:00', '17:45:00', NULL, 202),
	(403, 'F', '16:15:00', '17:45:00', 'AG1708', 204),
	(408, 'M', '07:30:00', '09:00:00', NULL, 207),
	(413, 'H', '11:00:00', '12:30:00', 'VL204', 209),
	(418, 'T', '12:45:00', '14:15:00', NULL, 212),
	(423, 'F', '12:45:00', '14:15:00', NULL, 214),
	(428, 'T', '09:15:00', '10:45:00', NULL, 217),
	(214, 'S', '13:00:00', '16:00:00', NULL, 108),
	(380, 'F', '12:45:00', '14:15:00', 'GK210', 192),
	(386, 'T', '07:30:00', '09:00:00', NULL, 196),
	(400, 'M', '16:15:00', '17:45:00', NULL, 203),
	(407, 'F', '11:00:00', '12:30:00', NULL, 206),
	(216, 'H', '14:30:00', '16:00:00', NULL, 109),
	(204, 'H', '07:30:00', '09:00:00', 'GK404A', 102),
	(208, 'F', '09:15:00', '10:45:00', 'AG1706', 104),
	(210, 'F', '11:00:00', '12:30:00', 'AG1706', 105),
	(212, 'H', '12:45:00', '14:15:00', 'AG1904', 106),
	(218, 'H', '16:15:00', '17:45:00', NULL, 110),
	(220, 'F', '11:00:00', '12:30:00', NULL, 111),
	(222, 'F', '12:45:00', '14:15:00', NULL, 112),
	(224, 'H', '07:30:00', '09:00:00', 'GK207', 113),
	(226, 'M', '07:30:00', '09:00:00', NULL, 114),
	(228, 'W', '09:15:00', '10:45:00', 'GK407', 114),
	(230, 'H', '12:45:00', '14:15:00', 'GK207', 115),
	(232, 'M', '12:45:00', '14:15:00', NULL, 116),
	(234, 'W', '12:45:00', '14:15:00', 'GK407', 116),
	(236, 'F', '09:15:00', '10:45:00', 'GK207', 117),
	(238, 'T', '11:00:00', '12:30:00', NULL, 118),
	(240, 'W', '09:15:00', '10:45:00', 'GK405', 118),
	(242, 'F', '14:30:00', '16:00:00', 'GK207', 119),
	(244, 'M', '09:15:00', '10:45:00', NULL, 120),
	(246, 'M', '09:15:00', '10:45:00', NULL, 121),
	(248, 'M', '14:30:00', '16:00:00', NULL, 122),
	(250, 'T', '09:15:00', '10:45:00', NULL, 123),
	(252, 'M', '09:15:00', '10:45:00', NULL, 124),
	(254, 'M', '09:15:00', '10:45:00', NULL, 125),
	(256, 'T', '09:15:00', '10:45:00', NULL, 126),
	(258, 'T', '09:15:00', '10:45:00', NULL, 127),
	(286, 'T', '09:15:00', '10:15:00', NULL, 141),
	(288, 'F', '09:15:00', '10:45:00', 'VL305', 141),
	(291, 'M', '12:45:00', '13:45:00', NULL, 142),
	(304, 'H', '12:45:00', '14:15:00', 'VL203', 147),
	(306, 'H', '14:30:00', '16:00:00', 'VL203', 148),
	(308, 'H', '16:15:00', '17:45:00', 'VL203', 149),
	(310, 'H', '16:15:00', '17:45:00', 'VL200A', 150),
	(312, 'F', '07:30:00', '09:00:00', 'VL203', 151),
	(314, 'F', '09:15:00', '10:45:00', 'VL203', 152),
	(324, 'F', '14:30:00', '16:00:00', 'VL304', 157),
	(328, 'F', '12:45:00', '14:15:00', 'GK404A', 159),
	(329, 'H', '14:30:00', '16:00:00', 'GK404A', 160),
	(343, 'M', '14:30:00', '16:00:00', NULL, 167),
	(345, 'H', '14:30:00', '16:00:00', 'AG1110', 167),
	(346, 'T', '07:30:00', '09:00:00', NULL, 168),
	(347, 'T', '09:15:00', '10:45:00', NULL, 169),
	(350, 'F', '11:00:00', '12:30:00', 'AG1705', 170),
	(351, 'T', '16:15:00', '17:45:00', NULL, 171),
	(354, 'H', '09:15:00', '10:45:00', NULL, 172),
	(355, 'M', '09:15:00', '10:45:00', NULL, 173),
	(358, 'H', '14:30:00', '16:00:00', 'AG1708', 174),
	(359, 'M', '14:30:00', '16:00:00', NULL, 175),
	(362, 'H', '09:15:00', '10:45:00', 'AG1707', 176),
	(363, 'M', '09:15:00', '10:45:00', NULL, 177),
	(365, 'M', '14:30:00', '16:00:00', NULL, 178),
	(367, 'T', '16:15:00', '17:45:00', 'GT203', 179),
	(368, 'F', '16:15:00', '17:45:00', 'GT203', 179),
	(371, 'H', '07:30:00', '09:00:00', 'AG1705', 187),
	(370, 'M', '09:15:00', '10:45:00', NULL, 188),
	(372, 'H', '09:15:00', '10:45:00', 'AG1705', 188),
	(373, 'H', '18:00:00', '19:30:00', NULL, 189),
	(376, 'H', '11:00:00', '12:30:00', 'GK210', 190),
	(381, 'S', '10:00:00', '13:00:00', NULL, 193),
	(375, 'M', '11:00:00', '12:30:00', NULL, 190),
	(378, 'F', '11:00:00', '12:30:00', 'GK210', 191),
	(382, 'T', '11:00:00', '12:30:00', NULL, 194),
	(385, 'F', '07:30:00', '09:00:00', 'AG1110', 195),
	(389, 'H', '07:30:00', '09:00:00', 'AG1707', 197),
	(384, 'T', '07:30:00', '09:00:00', NULL, 195),
	(390, 'T', '12:45:00', '14:15:00', NULL, 198),
	(391, 'F', '12:45:00', '14:15:00', 'AG1110', 198),
	(392, 'T', '16:15:00', '17:45:00', 'GT202', 199),
	(394, 'T', '16:15:00', '17:45:00', NULL, 200),
	(395, 'F', '14:30:00', '16:00:00', 'AG1110', 200),
	(402, 'T', '16:15:00', '17:45:00', NULL, 204),
	(397, 'F', '16:15:00', '17:45:00', 'AG1110', 201),
	(399, 'H', '16:15:00', '17:45:00', 'GK204', 202),
	(404, 'H', '16:15:00', '17:45:00', 'GK201', 205),
	(409, 'H', '07:30:00', '09:00:00', 'VL204', 207),
	(410, 'M', '09:15:00', '10:45:00', NULL, 208),
	(417, 'F', '11:00:00', '12:30:00', 'VL204', 211),
	(412, 'M', '11:00:00', '12:30:00', NULL, 209),
	(414, 'T', '09:15:00', '10:45:00', NULL, 210),
	(415, 'F', '09:15:00', '10:45:00', 'VL204', 210),
	(419, 'F', '12:45:00', '14:15:00', 'VL204', 212),
	(420, 'T', '14:30:00', '16:00:00', NULL, 213),
	(422, 'T', '12:45:00', '14:15:00', 'MRE201', 214),
	(424, 'W', '13:00:00', '14:30:00', 'MRE303', 215),
	(425, 'S', '13:00:00', '14:30:00', NULL, 215),
	(427, 'F', '09:15:00', '10:45:00', 'AG901', 216),
	(429, 'F', '07:30:00', '09:00:00', 'AG1706', 217),
	(859, 'M', '08:00:00', '10:00:00', NULL, 435),
	(23, 'T', '09:15:00', '10:45:00', 'GK201', 12),
	(40, 'F', '12:45:00', '14:15:00', 'MRE303', 20),
	(57, 'M', '18:00:00', '19:30:00', 'LS208', 29),
	(73, 'W', '07:30:00', '09:00:00', 'SM406', 37),
	(90, 'H', '11:00:00', '12:30:00', 'LS208', 45),
	(108, 'F', '14:30:00', '16:00:00', 'LS207', 54),
	(199, 'S', '11:00:00', '12:30:00', 'GK202', 100),
	(206, 'H', '09:15:00', '10:45:00', 'AG1904', 103),
	(860, 'H', '13:00:00', '15:00:00', NULL, 436),
	(861, 'F', '13:00:00', '15:00:00', NULL, 437),
	(862, 'M', '08:00:00', '10:00:00', 'ER803', 438),
	(863, 'M', '13:00:00', '15:00:00', 'ER803', 439),
	(864, 'M', '15:30:00', '17:30:00', 'ER1004', 440),
	(865, 'M', '18:00:00', '20:00:00', 'ER804', 441),
	(866, 'M', '18:00:00', '20:00:00', 'ER1001', 442),
	(867, 'M', '18:00:00', '20:00:00', 'ER1004', 443),
	(868, 'T', '08:00:00', '10:00:00', 'ER803', 444),
	(869, 'T', '08:00:00', '10:00:00', NULL, 445),
	(870, 'T', '13:00:00', '15:00:00', 'ER803', 446),
	(871, 'T', '13:00:00', '15:00:00', NULL, 447),
	(872, 'T', '15:30:00', '17:30:00', 'ER1004', 448),
	(873, 'T', '15:30:00', '17:30:00', NULL, 449),
	(874, 'T', '18:00:00', '20:00:00', 'ER804', 450),
	(387, 'F', '09:15:00', '10:45:00', 'AG1110', 196),
	(875, 'T', '18:00:00', '20:00:00', 'ER1001', 451),
	(880, 'W', '10:00:00', '12:00:00', NULL, 456),
	(885, 'H', '15:30:00', '17:30:00', 'ER1001', 461),
	(890, 'F', '13:00:00', '15:00:00', NULL, 466),
	(895, 'S', '08:00:00', '10:00:00', 'ER804', 471),
	(900, 'S', '13:00:00', '15:00:00', NULL, 476),
	(1, 'T', '12:45:00', '14:15:00', 'AG1109', 1),
	(876, 'T', '18:00:00', '20:00:00', 'ER1004', 452),
	(881, 'H', '08:00:00', '10:00:00', 'ER803', 457),
	(886, 'H', '18:00:00', '20:00:00', 'ER1001', 462),
	(891, 'F', '15:30:00', '17:30:00', 'ER1004', 467),
	(896, 'S', '08:00:00', '10:00:00', NULL, 472),
	(901, 'S', '15:30:00', '17:30:00', 'ER803', 477),
	(877, 'W', '08:00:00', '10:00:00', 'ER803', 453),
	(882, 'H', '10:00:00', '12:00:00', NULL, 458),
	(887, 'H', '18:00:00', '20:00:00', 'ER1004', 463),
	(892, 'F', '15:30:00', '17:30:00', NULL, 468),
	(897, 'S', '10:00:00', '12:00:00', 'ER804', 473),
	(902, 'S', '15:30:00', '17:30:00', NULL, 478),
	(878, 'W', '08:00:00', '10:00:00', NULL, 454),
	(883, 'H', '13:00:00', '15:00:00', 'ER1001', 459),
	(888, 'F', '13:00:00', '15:00:00', 'ER803', 464),
	(893, 'F', '18:00:00', '20:00:00', 'ER804', 469),
	(898, 'S', '13:00:00', '15:00:00', 'ER804', 474),
	(903, 'T', '12:45:00', '14:15:00', 'SJ107', 479),
	(124, 'F', '07:30:00', '09:00:00', 'SM406', 62),
	(879, 'W', '10:00:00', '12:00:00', 'ER803', 455),
	(884, 'H', '15:30:00', '17:30:00', 'ER803', 460),
	(889, 'F', '13:00:00', '15:00:00', 'ER1001', 465),
	(894, 'S', '08:00:00', '10:00:00', 'ER803', 470),
	(899, 'S', '13:00:00', '15:00:00', 'ER1004', 475),
	(904, 'F', '12:45:00', '14:15:00', NULL, 479),
	(5, 'M', '12:45:00', '14:15:00', 'AG1702', 3),
	(1578, 'S', '09:15:00', '10:45:00', 'GK202', 100),
	(1752, 'H', '16:15:00', '17:45:00', NULL, 189),
	(1761, 'T', '09:15:00', '10:45:00', NULL, 194),
	(1771, 'T', '14:30:00', '16:00:00', 'GT202', 199),
	(1783, 'H', '14:30:00', '16:00:00', 'GK201', 205);


--
-- Data for Name: buckets; Type: TABLE DATA; Schema: storage; Owner: supabase_storage_admin
--



--
-- Data for Name: objects; Type: TABLE DATA; Schema: storage; Owner: supabase_storage_admin
--



--
-- Data for Name: s3_multipart_uploads; Type: TABLE DATA; Schema: storage; Owner: supabase_storage_admin
--



--
-- Data for Name: s3_multipart_uploads_parts; Type: TABLE DATA; Schema: storage; Owner: supabase_storage_admin
--



--
-- Data for Name: hooks; Type: TABLE DATA; Schema: supabase_functions; Owner: supabase_functions_admin
--



--
-- Data for Name: secrets; Type: TABLE DATA; Schema: vault; Owner: supabase_admin
--



--
-- Name: refresh_tokens_id_seq; Type: SEQUENCE SET; Schema: auth; Owner: supabase_auth_admin
--

SELECT pg_catalog.setval('"auth"."refresh_tokens_id_seq"', 1, false);


--
-- Name: key_key_id_seq; Type: SEQUENCE SET; Schema: pgsodium; Owner: supabase_admin
--

SELECT pg_catalog.setval('"pgsodium"."key_key_id_seq"', 1, false);


--
-- Name: courseEquivalences_id_seq; Type: SEQUENCE SET; Schema: public; Owner: postgres
--

SELECT pg_catalog.setval('"public"."courseEquivalences_id_seq"', 1, false);


--
-- Name: courseRequisites_id_seq; Type: SEQUENCE SET; Schema: public; Owner: postgres
--

SELECT pg_catalog.setval('"public"."courseRequisites_id_seq"', 1, false);


--
-- Name: curriculums_id_seq; Type: SEQUENCE SET; Schema: public; Owner: postgres
--

SELECT pg_catalog.setval('"public"."curriculums_id_seq"', 1, false);


--
-- Name: personalSchedules_id_seq; Type: SEQUENCE SET; Schema: public; Owner: postgres
--

SELECT pg_catalog.setval('"public"."personalSchedules_id_seq"', 1, false);


--
-- Name: schedules_id_seq; Type: SEQUENCE SET; Schema: public; Owner: postgres
--

SELECT pg_catalog.setval('"public"."schedules_id_seq"', 1, false);


--
-- Name: sectionSchedules_id_seq; Type: SEQUENCE SET; Schema: public; Owner: postgres
--

SELECT pg_catalog.setval('"public"."sectionSchedules_id_seq"', 1808, true);


--
-- Name: sections_id_seq; Type: SEQUENCE SET; Schema: public; Owner: postgres
--

SELECT pg_catalog.setval('"public"."sections_id_seq"', 1220, true);


--
-- Name: hooks_id_seq; Type: SEQUENCE SET; Schema: supabase_functions; Owner: supabase_functions_admin
--

SELECT pg_catalog.setval('"supabase_functions"."hooks_id_seq"', 1, false);


--
-- PostgreSQL database dump complete
--

RESET ALL;
